source_id,ra (deg),ra_error (mas),dec (deg),dec_error (mas),x,y,phot_g_mean_flux,sep_arcsec
DR3: 369252666448651008,10.8240547044584,0.4488269,41.1232806352817,0.3194138,127.023573336508,126.740206543243,368.91464209015,0.600702669363626
DR3: 369252670749057792,10.8239822148136,60.81159,41.1234383091559,2.9015439,127.816251448256,129.009115480691,101.088507265317,
